[
  {
    "anonymous": false,
    "inputs": [
      {
        "indexed": true,
        "internalType": "address",
        "name": "src",
        "type": "address"
      },
      {
        "indexed": true,
        "internalType": "address",
        "name": "guy",
        "type": "address"
      },
      {
        "indexed": false,
        "internalType": "uint256",
        "name": "wad",
        "type": "uint256"
      }
    ],
    "name": "Approval",
    "type": "event",
    "signature": "0x8c5be1e5ebec7d5bd14f71427d1e84f3dd0314c0f7b2291e5b200ac8c7c3b925"
  },
  {
    "anonymous": false,
    "inputs": [
      {
        "indexed": true,
        "internalType": "address",
        "name": "dst",
        "type": "address"
      },
      {
        "indexed": false,
        "internalType": "uint256",
        "name": "wad",
        "type": "uint256"
      }
    ],
    "name": "Deposit",
    "type": "event",
    "signature": "0xe1fffcc4923d04b559f4d29a8bfc6cda04eb5b0d3c460751c2402c5c5cc9109c"
  },
  {
    "anonymous": false,
    "inputs": [
      {
        "indexed": true,
        "internalType": "address",
        "name": "src",
        "type": "address"
      },
      {
        "indexed": true,
        "internalType": "address",
        "name": "dst",
        "type": "address"
      },
      {
        "indexed": false,
        "internalType": "uint256",
        "name": "wad",
        "type": "uint256"
      }
    ],
    "name": "Transfer",
    "type": "event",
    "signature": "0xddf252ad1be2c89b69c2b068fc378daa952ba7f163c4a11628f55a4df523b3ef"
  },
  {
    "anonymous": false,
    "inputs": [
      {
        "indexed": true,
        "internalType": "address",
        "name": "src",
        "type": "address"
      },
      {
        "indexed": false,
        "internalType": "uint256",
        "name": "wad",
        "type": "uint256"
      }
    ],
    "name": "Withdrawal",
    "type": "event",
    "signature": "0x7fcf532c15f0a6db0bd6d0e038bea71d30d808c7d98cb3bf7268a95bf5081b65"
  },
  {
    "inputs": [
      {
        "internalType": "address",
        "name": "",
        "type": "address"
      },
      {
        "internalType": "address",
        "name": "",
        "type": "address"
      }
    ],
    "name": "allowance",
    "outputs": [
      {
        "internalType": "uint256",
        "name": "",
        "type": "uint256"
      }
    ],
    "stateMutability": "view",
    "type": "function",
    "constant": true,
    "signature": "0xdd62ed3e"
  },
  {
    "inputs": [
      {
        "internalType": "address",
        "name": "",
        "type": "address"
      }
    ],
    "name": "balanceOf",
    "outputs": [
      {
        "internalType": "uint256",
        "name": "",
        "type": "uint256"
      }
    ],
    "stateMutability": "view",
    "type": "function",
    "constant": true,
    "signature": "0x70a08231"
  },
  {
    "inputs": [],
    "name": "decimals",
    "outputs": [
      {
        "internalType": "uint8",
        "name": "",
        "type": "uint8"
      }
    ],
    "stateMutability": "view",
    "type": "function",
    "constant": true,
    "signature": "0x313ce567"
  },
  {
    "inputs": [],
    "name": "name",
    "outputs": [
      {
        "internalType": "string",
        "name": "",
        "type": "string"
      }
    ],
    "stateMutability": "view",
    "type": "function",
    "constant": true,
    "signature": "0x06fdde03"
  },
  {
    "inputs": [],
    "name": "symbol",
    "outputs": [
      {
        "internalType": "string",
        "name": "",
        "type": "string"
      }
    ],
    "stateMutability": "view",
    "type": "function",
    "constant": true,
    "signature": "0x95d89b41"
  },
  {
    "stateMutability": "payable",
    "type": "receive",
    "payable": true
  },
  {
    "inputs": [],
    "name": "deposit",
    "outputs": [],
    "stateMutability": "payable",
    "type": "function",
    "payable": true,
    "signature": "0xd0e30db0"
  },
  {
    "inputs": [
      {
        "internalType": "uint256",
        "name": "wad",
        "type": "uint256"
      }
    ],
    "name": "withdraw",
    "outputs": [],
    "stateMutability": "nonpayable",
    "type": "function",
    "signature": "0x2e1a7d4d"
  },
  {
    "inputs": [
      {
        "internalType": "address",
        "name": "guy",
        "type": "address"
      },
      {
        "internalType": "uint256",
        "name": "wad",
        "type": "uint256"
      }
    ],
    "name": "mint",
    "outputs": [],
    "stateMutability": "nonpayable",
    "type": "function",
    "signature": "0x40c10f19"
  },
  {
    "inputs": [],
    "name": "totalSupply",
    "outputs": [
      {
        "internalType": "uint256",
        "name": "",
        "type": "uint256"
      }
    ],
    "stateMutability": "view",
    "type": "function",
    "constant": true,
    "signature": "0x18160ddd"
  },
  {
    "inputs": [
      {
        "internalType": "address",
        "name": "guy",
        "type": "address"
      },
      {
        "internalType": "uint256",
        "name": "wad",
        "type": "uint256"
      }
    ],
    "name": "approve",
    "outputs": [
      {
        "internalType": "bool",
        "name": "",
        "type": "bool"
      }
    ],
    "stateMutability": "nonpayable",
    "type": "function",
    "signature": "0x095ea7b3"
  },
  {
    "inputs": [
      {
        "internalType": "address",
        "name": "dst",
        "type": "address"
      },
      {
        "internalType": "uint256",
        "name": "wad",
        "type": "uint256"
      }
    ],
    "name": "transfer",
    "outputs": [
      {
        "internalType": "bool",
        "name": "",
        "type": "bool"
      }
    ],
    "stateMutability": "nonpayable",
    "type": "function",
    "signature": "0xa9059cbb"
  },
  {
    "inputs": [
      {
        "internalType": "address",
        "name": "src",
        "type": "address"
      },
      {
        "internalType": "address",
        "name": "dst",
        "type": "address"
      },
      {
        "internalType": "uint256",
        "name": "wad",
        "type": "uint256"
      }
    ],
    "name": "transferFrom",
    "outputs": [
      {
        "internalType": "bool",
        "name": "",
        "type": "bool"
      }
    ],
    "stateMutability": "nonpayable",
    "type": "function",
    "signature": "0x23b872dd"
  }
]